From, To, Jaccard
D:\SoftwareReengineering\joda-time\src\main\java\org\joda\time\base\AbstractPartial.java, D:\SoftwareReengineering\joda-time\src\main\java\org\joda\time\base\AbstractPeriod.java, 0.192
D:\SoftwareReengineering\joda-time\src\main\java\org\joda\time\base\AbstractPeriod.java, D:\SoftwareReengineering\joda-time\src\main\java\org\joda\time\base\BaseSingleFieldPeriod.java, 0.17777777777777778
D:\SoftwareReengineering\joda-time\src\main\java\org\joda\time\base\BaseLocal.java, D:\SoftwareReengineering\joda-time\src\main\java\org\joda\time\convert\Converter.java, 0.15384615384615385
D:\SoftwareReengineering\joda-time\src\main\java\org\joda\time\base\BaseLocal.java, D:\SoftwareReengineering\joda-time\src\main\java\org\joda\time\convert\DurationConverter.java, 0.15384615384615385
D:\SoftwareReengineering\joda-time\src\main\java\org\joda\time\chrono\BasicDayOfMonthDateTimeField.java, D:\SoftwareReengineering\joda-time\src\main\java\org\joda\time\chrono\BasicDayOfYearDateTimeField.java, 0.4426229508196721
D:\SoftwareReengineering\joda-time\src\main\java\org\joda\time\chrono\BasicDayOfMonthDateTimeField.java, D:\SoftwareReengineering\joda-time\src\main\java\org\joda\time\chrono\BasicWeekOfWeekyearDateTimeField.java, 0.3142857142857143
D:\SoftwareReengineering\joda-time\src\main\java\org\joda\time\chrono\BasicDayOfMonthDateTimeField.java, D:\SoftwareReengineering\joda-time\src\main\java\org\joda\time\chrono\GJDayOfWeekDateTimeField.java, 0.20588235294117646
D:\SoftwareReengineering\joda-time\src\main\java\org\joda\time\chrono\BasicDayOfMonthDateTimeField.java, D:\SoftwareReengineering\joda-time\src\main\java\org\joda\time\chrono\GJYearOfEraDateTimeField.java, 0.1951219512195122
D:\SoftwareReengineering\joda-time\src\main\java\org\joda\time\chrono\BasicDayOfMonthDateTimeField.java, D:\SoftwareReengineering\joda-time\src\main\java\org\joda\time\chrono\ISOYearOfEraDateTimeField.java, 0.1566265060240964
D:\SoftwareReengineering\joda-time\src\main\java\org\joda\time\chrono\BasicDayOfYearDateTimeField.java, D:\SoftwareReengineering\joda-time\src\main\java\org\joda\time\chrono\BasicWeekOfWeekyearDateTimeField.java, 0.34375
D:\SoftwareReengineering\joda-time\src\main\java\org\joda\time\chrono\BasicDayOfYearDateTimeField.java, D:\SoftwareReengineering\joda-time\src\main\java\org\joda\time\chrono\BasicYearDateTimeField.java, 0.15789473684210525
D:\SoftwareReengineering\joda-time\src\main\java\org\joda\time\chrono\BasicDayOfYearDateTimeField.java, D:\SoftwareReengineering\joda-time\src\main\java\org\joda\time\chrono\GJDayOfWeekDateTimeField.java, 0.22580645161290322
D:\SoftwareReengineering\joda-time\src\main\java\org\joda\time\chrono\BasicDayOfYearDateTimeField.java, D:\SoftwareReengineering\joda-time\src\main\java\org\joda\time\chrono\GJEraDateTimeField.java, 0.16666666666666666
D:\SoftwareReengineering\joda-time\src\main\java\org\joda\time\chrono\BasicDayOfYearDateTimeField.java, D:\SoftwareReengineering\joda-time\src\main\java\org\joda\time\chrono\GJYearOfEraDateTimeField.java, 0.21052631578947367
D:\SoftwareReengineering\joda-time\src\main\java\org\joda\time\chrono\BasicDayOfYearDateTimeField.java, D:\SoftwareReengineering\joda-time\src\main\java\org\joda\time\chrono\ISOYearOfEraDateTimeField.java, 0.16883116883116883
D:\SoftwareReengineering\joda-time\src\main\java\org\joda\time\chrono\BasicFixedMonthChronology.java, D:\SoftwareReengineering\joda-time\src\main\java\org\joda\time\chrono\BasicGJChronology.java, 0.23931623931623933
D:\SoftwareReengineering\joda-time\src\main\java\org\joda\time\chrono\BasicFixedMonthChronology.java, D:\SoftwareReengineering\joda-time\src\main\java\org\joda\time\chrono\IslamicChronology.java, 0.15695067264573992
D:\SoftwareReengineering\joda-time\src\main\java\org\joda\time\chrono\BasicMonthOfYearDateTimeField.java, D:\SoftwareReengineering\joda-time\src\main\java\org\joda\time\chrono\BasicWeekyearDateTimeField.java, 0.15
D:\SoftwareReengineering\joda-time\src\main\java\org\joda\time\chrono\BasicSingleEraDateTimeField.java, D:\SoftwareReengineering\joda-time\src\main\java\org\joda\time\chrono\BasicWeekOfWeekyearDateTimeField.java, 0.15384615384615385
D:\SoftwareReengineering\joda-time\src\main\java\org\joda\time\chrono\BasicSingleEraDateTimeField.java, D:\SoftwareReengineering\joda-time\src\main\java\org\joda\time\chrono\BasicYearDateTimeField.java, 0.16326530612244897
D:\SoftwareReengineering\joda-time\src\main\java\org\joda\time\chrono\BasicSingleEraDateTimeField.java, D:\SoftwareReengineering\joda-time\src\main\java\org\joda\time\chrono\GJDayOfWeekDateTimeField.java, 0.19402985074626866
D:\SoftwareReengineering\joda-time\src\main\java\org\joda\time\chrono\BasicSingleEraDateTimeField.java, D:\SoftwareReengineering\joda-time\src\main\java\org\joda\time\chrono\GJEraDateTimeField.java, 0.4782608695652174
D:\SoftwareReengineering\joda-time\src\main\java\org\joda\time\chrono\BasicSingleEraDateTimeField.java, D:\SoftwareReengineering\joda-time\src\main\java\org\joda\time\field\DecoratedDateTimeField.java, 0.15942028985507245
D:\SoftwareReengineering\joda-time\src\main\java\org\joda\time\chrono\BasicSingleEraDateTimeField.java, D:\SoftwareReengineering\joda-time\src\main\java\org\joda\time\field\UnsupportedDateTimeField.java, 0.17355371900826447
D:\SoftwareReengineering\joda-time\src\main\java\org\joda\time\chrono\BasicWeekOfWeekyearDateTimeField.java, D:\SoftwareReengineering\joda-time\src\main\java\org\joda\time\chrono\BasicYearDateTimeField.java, 0.16326530612244897
D:\SoftwareReengineering\joda-time\src\main\java\org\joda\time\chrono\BasicWeekOfWeekyearDateTimeField.java, D:\SoftwareReengineering\joda-time\src\main\java\org\joda\time\chrono\GJDayOfWeekDateTimeField.java, 0.23076923076923078
D:\SoftwareReengineering\joda-time\src\main\java\org\joda\time\chrono\BasicWeekOfWeekyearDateTimeField.java, D:\SoftwareReengineering\joda-time\src\main\java\org\joda\time\chrono\GJEraDateTimeField.java, 0.18604651162790697
D:\SoftwareReengineering\joda-time\src\main\java\org\joda\time\chrono\BasicWeekOfWeekyearDateTimeField.java, D:\SoftwareReengineering\joda-time\src\main\java\org\joda\time\chrono\GJYearOfEraDateTimeField.java, 0.23076923076923078
D:\SoftwareReengineering\joda-time\src\main\java\org\joda\time\chrono\BasicWeekOfWeekyearDateTimeField.java, D:\SoftwareReengineering\joda-time\src\main\java\org\joda\time\chrono\ISOYearOfEraDateTimeField.java, 0.189873417721519
D:\SoftwareReengineering\joda-time\src\main\java\org\joda\time\chrono\BasicWeekyearDateTimeField.java, D:\SoftwareReengineering\joda-time\src\main\java\org\joda\time\chrono\BasicYearDateTimeField.java, 0.2601626016260163
D:\SoftwareReengineering\joda-time\src\main\java\org\joda\time\chrono\BasicWeekyearDateTimeField.java, D:\SoftwareReengineering\joda-time\src\main\java\org\joda\time\chrono\GJEraDateTimeField.java, 0.16260162601626016
D:\SoftwareReengineering\joda-time\src\main\java\org\joda\time\chrono\BasicWeekyearDateTimeField.java, D:\SoftwareReengineering\joda-time\src\main\java\org\joda\time\chrono\GJYearOfEraDateTimeField.java, 0.17094017094017094
D:\SoftwareReengineering\joda-time\src\main\java\org\joda\time\chrono\BasicWeekyearDateTimeField.java, D:\SoftwareReengineering\joda-time\src\main\java\org\joda\time\chrono\ISOYearOfEraDateTimeField.java, 0.15384615384615385
D:\SoftwareReengineering\joda-time\src\main\java\org\joda\time\chrono\BasicYearDateTimeField.java, D:\SoftwareReengineering\joda-time\src\main\java\org\joda\time\chrono\GJEraDateTimeField.java, 0.18867924528301888
D:\SoftwareReengineering\joda-time\src\main\java\org\joda\time\chrono\BasicYearDateTimeField.java, D:\SoftwareReengineering\joda-time\src\main\java\org\joda\time\chrono\GJYearOfEraDateTimeField.java, 0.23711340206185566
D:\SoftwareReengineering\joda-time\src\main\java\org\joda\time\chrono\BasicYearDateTimeField.java, D:\SoftwareReengineering\joda-time\src\main\java\org\joda\time\chrono\ISOYearOfEraDateTimeField.java, 0.22916666666666666
D:\SoftwareReengineering\joda-time\src\main\java\org\joda\time\chrono\BuddhistChronology.java, D:\SoftwareReengineering\joda-time\src\main\java\org\joda\time\chrono\CopticChronology.java, 0.1509433962264151
D:\SoftwareReengineering\joda-time\src\main\java\org\joda\time\chrono\BuddhistChronology.java, D:\SoftwareReengineering\joda-time\src\main\java\org\joda\time\chrono\EthiopicChronology.java, 0.15286624203821655
D:\SoftwareReengineering\joda-time\src\main\java\org\joda\time\chrono\BuddhistChronology.java, D:\SoftwareReengineering\joda-time\src\main\java\org\joda\time\chrono\ISOChronology.java, 0.2846153846153846
D:\SoftwareReengineering\joda-time\src\main\java\org\joda\time\chrono\CopticChronology.java, D:\SoftwareReengineering\joda-time\src\main\java\org\joda\time\chrono\EthiopicChronology.java, 0.6206896551724138
D:\SoftwareReengineering\joda-time\src\main\java\org\joda\time\chrono\CopticChronology.java, D:\SoftwareReengineering\joda-time\src\main\java\org\joda\time\chrono\GregorianChronology.java, 0.39097744360902253
D:\SoftwareReengineering\joda-time\src\main\java\org\joda\time\chrono\CopticChronology.java, D:\SoftwareReengineering\joda-time\src\main\java\org\joda\time\chrono\IslamicChronology.java, 0.16535433070866143
D:\SoftwareReengineering\joda-time\src\main\java\org\joda\time\chrono\CopticChronology.java, D:\SoftwareReengineering\joda-time\src\main\java\org\joda\time\chrono\JulianChronology.java, 0.4326241134751773
D:\SoftwareReengineering\joda-time\src\main\java\org\joda\time\chrono\EthiopicChronology.java, D:\SoftwareReengineering\joda-time\src\main\java\org\joda\time\chrono\GregorianChronology.java, 0.35555555555555557
D:\SoftwareReengineering\joda-time\src\main\java\org\joda\time\chrono\EthiopicChronology.java, D:\SoftwareReengineering\joda-time\src\main\java\org\joda\time\chrono\IslamicChronology.java, 0.16666666666666666
D:\SoftwareReengineering\joda-time\src\main\java\org\joda\time\chrono\EthiopicChronology.java, D:\SoftwareReengineering\joda-time\src\main\java\org\joda\time\chrono\JulianChronology.java, 0.3986013986013986
D:\SoftwareReengineering\joda-time\src\main\java\org\joda\time\chrono\GJDayOfWeekDateTimeField.java, D:\SoftwareReengineering\joda-time\src\main\java\org\joda\time\chrono\GJEraDateTimeField.java, 0.22666666666666666
D:\SoftwareReengineering\joda-time\src\main\java\org\joda\time\chrono\GJDayOfWeekDateTimeField.java, D:\SoftwareReengineering\joda-time\src\main\java\org\joda\time\chrono\GJMonthOfYearDateTimeField.java, 0.22727272727272727
D:\SoftwareReengineering\joda-time\src\main\java\org\joda\time\chrono\GJDayOfWeekDateTimeField.java, D:\SoftwareReengineering\joda-time\src\main\java\org\joda\time\chrono\GJYearOfEraDateTimeField.java, 0.1780821917808219
D:\SoftwareReengineering\joda-time\src\main\java\org\joda\time\chrono\GJDayOfWeekDateTimeField.java, D:\SoftwareReengineering\joda-time\src\main\java\org\joda\time\chrono\ISOYearOfEraDateTimeField.java, 0.1506849315068493
D:\SoftwareReengineering\joda-time\src\main\java\org\joda\time\chrono\GJEraDateTimeField.java, D:\SoftwareReengineering\joda-time\src\main\java\org\joda\time\chrono\GJYearOfEraDateTimeField.java, 0.18681318681318682
D:\SoftwareReengineering\joda-time\src\main\java\org\joda\time\chrono\GJEraDateTimeField.java, D:\SoftwareReengineering\joda-time\src\main\java\org\joda\time\chrono\ISOYearOfEraDateTimeField.java, 0.15217391304347827
D:\SoftwareReengineering\joda-time\src\main\java\org\joda\time\chrono\GJEraDateTimeField.java, D:\SoftwareReengineering\joda-time\src\main\java\org\joda\time\field\DecoratedDateTimeField.java, 0.15
D:\SoftwareReengineering\joda-time\src\main\java\org\joda\time\chrono\GJEraDateTimeField.java, D:\SoftwareReengineering\joda-time\src\main\java\org\joda\time\field\UnsupportedDateTimeField.java, 0.17557251908396945
D:\SoftwareReengineering\joda-time\src\main\java\org\joda\time\chrono\GJYearOfEraDateTimeField.java, D:\SoftwareReengineering\joda-time\src\main\java\org\joda\time\chrono\ISOYearOfEraDateTimeField.java, 0.5873015873015873
D:\SoftwareReengineering\joda-time\src\main\java\org\joda\time\chrono\GJYearOfEraDateTimeField.java, D:\SoftwareReengineering\joda-time\src\main\java\org\joda\time\field\RemainderDateTimeField.java, 0.1588785046728972
D:\SoftwareReengineering\joda-time\src\main\java\org\joda\time\chrono\GJYearOfEraDateTimeField.java, D:\SoftwareReengineering\joda-time\src\main\java\org\joda\time\field\ZeroIsMaxDateTimeField.java, 0.21875
D:\SoftwareReengineering\joda-time\src\main\java\org\joda\time\chrono\GregorianChronology.java, D:\SoftwareReengineering\joda-time\src\main\java\org\joda\time\chrono\IslamicChronology.java, 0.1686746987951807
D:\SoftwareReengineering\joda-time\src\main\java\org\joda\time\chrono\GregorianChronology.java, D:\SoftwareReengineering\joda-time\src\main\java\org\joda\time\chrono\JulianChronology.java, 0.4485294117647059
D:\SoftwareReengineering\joda-time\src\main\java\org\joda\time\chrono\IslamicChronology.java, D:\SoftwareReengineering\joda-time\src\main\java\org\joda\time\chrono\JulianChronology.java, 0.16226415094339622
D:\SoftwareReengineering\joda-time\src\main\java\org\joda\time\chrono\ISOYearOfEraDateTimeField.java, D:\SoftwareReengineering\joda-time\src\main\java\org\joda\time\field\DecoratedDateTimeField.java, 0.1506849315068493
D:\SoftwareReengineering\joda-time\src\main\java\org\joda\time\chrono\ISOYearOfEraDateTimeField.java, D:\SoftwareReengineering\joda-time\src\main\java\org\joda\time\field\OffsetDateTimeField.java, 0.15151515151515152
D:\SoftwareReengineering\joda-time\src\main\java\org\joda\time\chrono\ISOYearOfEraDateTimeField.java, D:\SoftwareReengineering\joda-time\src\main\java\org\joda\time\field\RemainderDateTimeField.java, 0.17307692307692307
D:\SoftwareReengineering\joda-time\src\main\java\org\joda\time\chrono\ISOYearOfEraDateTimeField.java, D:\SoftwareReengineering\joda-time\src\main\java\org\joda\time\field\ZeroIsMaxDateTimeField.java, 0.21052631578947367
D:\SoftwareReengineering\joda-time\src\main\java\org\joda\time\chrono\LenientChronology.java, D:\SoftwareReengineering\joda-time\src\main\java\org\joda\time\chrono\StrictChronology.java, 0.6585365853658537
D:\SoftwareReengineering\joda-time\src\main\java\org\joda\time\chrono\LimitChronology.java, D:\SoftwareReengineering\joda-time\src\main\java\org\joda\time\chrono\ZonedChronology.java, 0.2699530516431925
D:\SoftwareReengineering\joda-time\src\main\java\org\joda\time\convert\AbstractConverter.java, D:\SoftwareReengineering\joda-time\src\main\java\org\joda\time\convert\CalendarConverter.java, 0.16923076923076924
D:\SoftwareReengineering\joda-time\src\main\java\org\joda\time\convert\AbstractConverter.java, D:\SoftwareReengineering\joda-time\src\main\java\org\joda\time\convert\DateConverter.java, 0.15
D:\SoftwareReengineering\joda-time\src\main\java\org\joda\time\convert\AbstractConverter.java, D:\SoftwareReengineering\joda-time\src\main\java\org\joda\time\convert\LongConverter.java, 0.15384615384615385
D:\SoftwareReengineering\joda-time\src\main\java\org\joda\time\convert\AbstractConverter.java, D:\SoftwareReengineering\joda-time\src\main\java\org\joda\time\convert\PartialConverter.java, 0.1891891891891892
D:\SoftwareReengineering\joda-time\src\main\java\org\joda\time\convert\AbstractConverter.java, D:\SoftwareReengineering\joda-time\src\main\java\org\joda\time\convert\ReadableInstantConverter.java, 0.2553191489361702
D:\SoftwareReengineering\joda-time\src\main\java\org\joda\time\convert\AbstractConverter.java, D:\SoftwareReengineering\joda-time\src\main\java\org\joda\time\convert\ReadablePartialConverter.java, 0.22448979591836735
D:\SoftwareReengineering\joda-time\src\main\java\org\joda\time\convert\AbstractConverter.java, D:\SoftwareReengineering\joda-time\src\main\java\org\joda\time\convert\ReadablePeriodConverter.java, 0.16279069767441862
D:\SoftwareReengineering\joda-time\src\main\java\org\joda\time\convert\CalendarConverter.java, D:\SoftwareReengineering\joda-time\src\main\java\org\joda\time\convert\DateConverter.java, 0.15384615384615385
D:\SoftwareReengineering\joda-time\src\main\java\org\joda\time\convert\CalendarConverter.java, D:\SoftwareReengineering\joda-time\src\main\java\org\joda\time\convert\ReadableInstantConverter.java, 0.23728813559322035
D:\SoftwareReengineering\joda-time\src\main\java\org\joda\time\convert\CalendarConverter.java, D:\SoftwareReengineering\joda-time\src\main\java\org\joda\time\convert\ReadablePartialConverter.java, 0.15625
D:\SoftwareReengineering\joda-time\src\main\java\org\joda\time\convert\Converter.java, D:\SoftwareReengineering\joda-time\src\main\java\org\joda\time\convert\DateConverter.java, 0.17647058823529413
D:\SoftwareReengineering\joda-time\src\main\java\org\joda\time\convert\Converter.java, D:\SoftwareReengineering\joda-time\src\main\java\org\joda\time\convert\DurationConverter.java, 0.42857142857142855
D:\SoftwareReengineering\joda-time\src\main\java\org\joda\time\convert\Converter.java, D:\SoftwareReengineering\joda-time\src\main\java\org\joda\time\convert\InstantConverter.java, 0.2727272727272727
D:\SoftwareReengineering\joda-time\src\main\java\org\joda\time\convert\Converter.java, D:\SoftwareReengineering\joda-time\src\main\java\org\joda\time\convert\IntervalConverter.java, 0.3
D:\SoftwareReengineering\joda-time\src\main\java\org\joda\time\convert\Converter.java, D:\SoftwareReengineering\joda-time\src\main\java\org\joda\time\convert\LongConverter.java, 0.1875
D:\SoftwareReengineering\joda-time\src\main\java\org\joda\time\convert\Converter.java, D:\SoftwareReengineering\joda-time\src\main\java\org\joda\time\convert\PartialConverter.java, 0.2
D:\SoftwareReengineering\joda-time\src\main\java\org\joda\time\convert\Converter.java, D:\SoftwareReengineering\joda-time\src\main\java\org\joda\time\convert\PeriodConverter.java, 0.2727272727272727
D:\SoftwareReengineering\joda-time\src\main\java\org\joda\time\convert\Converter.java, D:\SoftwareReengineering\joda-time\src\main\java\org\joda\time\format\DateTimeParser.java, 0.2222222222222222
D:\SoftwareReengineering\joda-time\src\main\java\org\joda\time\convert\Converter.java, D:\SoftwareReengineering\joda-time\src\main\java\org\joda\time\format\InternalParser.java, 0.2222222222222222
D:\SoftwareReengineering\joda-time\src\main\java\org\joda\time\convert\Converter.java, D:\SoftwareReengineering\joda-time\src\main\java\org\joda\time\format\PeriodParser.java, 0.2
D:\SoftwareReengineering\joda-time\src\main\java\org\joda\time\convert\Converter.java, D:\SoftwareReengineering\joda-time\src\main\java\org\joda\time\JodaTimePermission.java, 0.18181818181818182
D:\SoftwareReengineering\joda-time\src\main\java\org\joda\time\convert\Converter.java, D:\SoftwareReengineering\joda-time\src\main\java\org\joda\time\tz\NameProvider.java, 0.2
D:\SoftwareReengineering\joda-time\src\main\java\org\joda\time\convert\Converter.java, D:\SoftwareReengineering\joda-time\src\main\java\org\joda\time\tz\Provider.java, 0.18181818181818182
D:\SoftwareReengineering\joda-time\src\main\java\org\joda\time\convert\DateConverter.java, D:\SoftwareReengineering\joda-time\src\main\java\org\joda\time\convert\DurationConverter.java, 0.17647058823529413
D:\SoftwareReengineering\joda-time\src\main\java\org\joda\time\convert\DateConverter.java, D:\SoftwareReengineering\joda-time\src\main\java\org\joda\time\convert\InstantConverter.java, 0.2
D:\SoftwareReengineering\joda-time\src\main\java\org\joda\time\convert\DateConverter.java, D:\SoftwareReengineering\joda-time\src\main\java\org\joda\time\convert\IntervalConverter.java, 0.21052631578947367
D:\SoftwareReengineering\joda-time\src\main\java\org\joda\time\convert\DateConverter.java, D:\SoftwareReengineering\joda-time\src\main\java\org\joda\time\convert\LongConverter.java, 0.3181818181818182
D:\SoftwareReengineering\joda-time\src\main\java\org\joda\time\convert\DateConverter.java, D:\SoftwareReengineering\joda-time\src\main\java\org\joda\time\convert\NullConverter.java, 0.1875
D:\SoftwareReengineering\joda-time\src\main\java\org\joda\time\convert\DateConverter.java, D:\SoftwareReengineering\joda-time\src\main\java\org\joda\time\convert\PartialConverter.java, 0.16666666666666666
D:\SoftwareReengineering\joda-time\src\main\java\org\joda\time\convert\DateConverter.java, D:\SoftwareReengineering\joda-time\src\main\java\org\joda\time\convert\PeriodConverter.java, 0.2
D:\SoftwareReengineering\joda-time\src\main\java\org\joda\time\convert\DateConverter.java, D:\SoftwareReengineering\joda-time\src\main\java\org\joda\time\convert\ReadableDurationConverter.java, 0.1875
D:\SoftwareReengineering\joda-time\src\main\java\org\joda\time\convert\DateConverter.java, D:\SoftwareReengineering\joda-time\src\main\java\org\joda\time\convert\ReadableInstantConverter.java, 0.22857142857142856
D:\SoftwareReengineering\joda-time\src\main\java\org\joda\time\convert\DateConverter.java, D:\SoftwareReengineering\joda-time\src\main\java\org\joda\time\convert\ReadablePartialConverter.java, 0.15789473684210525
D:\SoftwareReengineering\joda-time\src\main\java\org\joda\time\convert\DateConverter.java, D:\SoftwareReengineering\joda-time\src\main\java\org\joda\time\convert\ReadablePeriodConverter.java, 0.21428571428571427
D:\SoftwareReengineering\joda-time\src\main\java\org\joda\time\convert\DurationConverter.java, D:\SoftwareReengineering\joda-time\src\main\java\org\joda\time\convert\InstantConverter.java, 0.2727272727272727
D:\SoftwareReengineering\joda-time\src\main\java\org\joda\time\convert\DurationConverter.java, D:\SoftwareReengineering\joda-time\src\main\java\org\joda\time\convert\IntervalConverter.java, 0.3
D:\SoftwareReengineering\joda-time\src\main\java\org\joda\time\convert\DurationConverter.java, D:\SoftwareReengineering\joda-time\src\main\java\org\joda\time\convert\LongConverter.java, 0.1875
D:\SoftwareReengineering\joda-time\src\main\java\org\joda\time\convert\DurationConverter.java, D:\SoftwareReengineering\joda-time\src\main\java\org\joda\time\convert\PartialConverter.java, 0.2
D:\SoftwareReengineering\joda-time\src\main\java\org\joda\time\convert\DurationConverter.java, D:\SoftwareReengineering\joda-time\src\main\java\org\joda\time\convert\PeriodConverter.java, 0.2727272727272727
D:\SoftwareReengineering\joda-time\src\main\java\org\joda\time\convert\DurationConverter.java, D:\SoftwareReengineering\joda-time\src\main\java\org\joda\time\format\DateTimeParser.java, 0.2222222222222222
D:\SoftwareReengineering\joda-time\src\main\java\org\joda\time\convert\DurationConverter.java, D:\SoftwareReengineering\joda-time\src\main\java\org\joda\time\format\InternalParser.java, 0.2222222222222222
D:\SoftwareReengineering\joda-time\src\main\java\org\joda\time\convert\DurationConverter.java, D:\SoftwareReengineering\joda-time\src\main\java\org\joda\time\format\PeriodParser.java, 0.2
D:\SoftwareReengineering\joda-time\src\main\java\org\joda\time\convert\DurationConverter.java, D:\SoftwareReengineering\joda-time\src\main\java\org\joda\time\JodaTimePermission.java, 0.18181818181818182
D:\SoftwareReengineering\joda-time\src\main\java\org\joda\time\convert\DurationConverter.java, D:\SoftwareReengineering\joda-time\src\main\java\org\joda\time\tz\NameProvider.java, 0.2
D:\SoftwareReengineering\joda-time\src\main\java\org\joda\time\convert\DurationConverter.java, D:\SoftwareReengineering\joda-time\src\main\java\org\joda\time\tz\Provider.java, 0.18181818181818182
D:\SoftwareReengineering\joda-time\src\main\java\org\joda\time\convert\InstantConverter.java, D:\SoftwareReengineering\joda-time\src\main\java\org\joda\time\convert\IntervalConverter.java, 0.3076923076923077
D:\SoftwareReengineering\joda-time\src\main\java\org\joda\time\convert\InstantConverter.java, D:\SoftwareReengineering\joda-time\src\main\java\org\joda\time\convert\LongConverter.java, 0.21052631578947367
D:\SoftwareReengineering\joda-time\src\main\java\org\joda\time\convert\InstantConverter.java, D:\SoftwareReengineering\joda-time\src\main\java\org\joda\time\convert\PartialConverter.java, 0.4666666666666667
D:\SoftwareReengineering\joda-time\src\main\java\org\joda\time\convert\InstantConverter.java, D:\SoftwareReengineering\joda-time\src\main\java\org\joda\time\convert\PeriodConverter.java, 0.2857142857142857
D:\SoftwareReengineering\joda-time\src\main\java\org\joda\time\convert\InstantConverter.java, D:\SoftwareReengineering\joda-time\src\main\java\org\joda\time\convert\ReadableInstantConverter.java, 0.15625
D:\SoftwareReengineering\joda-time\src\main\java\org\joda\time\convert\InstantConverter.java, D:\SoftwareReengineering\joda-time\src\main\java\org\joda\time\convert\ReadablePartialConverter.java, 0.15151515151515152
D:\SoftwareReengineering\joda-time\src\main\java\org\joda\time\convert\InstantConverter.java, D:\SoftwareReengineering\joda-time\src\main\java\org\joda\time\convert\ReadablePeriodConverter.java, 0.16666666666666666
D:\SoftwareReengineering\joda-time\src\main\java\org\joda\time\convert\InstantConverter.java, D:\SoftwareReengineering\joda-time\src\main\java\org\joda\time\format\DateTimeParser.java, 0.15384615384615385
D:\SoftwareReengineering\joda-time\src\main\java\org\joda\time\convert\InstantConverter.java, D:\SoftwareReengineering\joda-time\src\main\java\org\joda\time\format\DateTimePrinter.java, 0.18181818181818182
D:\SoftwareReengineering\joda-time\src\main\java\org\joda\time\convert\InstantConverter.java, D:\SoftwareReengineering\joda-time\src\main\java\org\joda\time\format\InternalParser.java, 0.15384615384615385
D:\SoftwareReengineering\joda-time\src\main\java\org\joda\time\convert\InstantConverter.java, D:\SoftwareReengineering\joda-time\src\main\java\org\joda\time\format\InternalPrinter.java, 0.2222222222222222
D:\SoftwareReengineering\joda-time\src\main\java\org\joda\time\convert\InstantConverter.java, D:\SoftwareReengineering\joda-time\src\main\java\org\joda\time\tz\Provider.java, 0.21428571428571427
D:\SoftwareReengineering\joda-time\src\main\java\org\joda\time\convert\IntervalConverter.java, D:\SoftwareReengineering\joda-time\src\main\java\org\joda\time\convert\LongConverter.java, 0.2222222222222222
D:\SoftwareReengineering\joda-time\src\main\java\org\joda\time\convert\IntervalConverter.java, D:\SoftwareReengineering\joda-time\src\main\java\org\joda\time\convert\NullConverter.java, 0.19230769230769232
D:\SoftwareReengineering\joda-time\src\main\java\org\joda\time\convert\IntervalConverter.java, D:\SoftwareReengineering\joda-time\src\main\java\org\joda\time\convert\PartialConverter.java, 0.23529411764705882
D:\SoftwareReengineering\joda-time\src\main\java\org\joda\time\convert\IntervalConverter.java, D:\SoftwareReengineering\joda-time\src\main\java\org\joda\time\convert\PeriodConverter.java, 0.3076923076923077
D:\SoftwareReengineering\joda-time\src\main\java\org\joda\time\convert\IntervalConverter.java, D:\SoftwareReengineering\joda-time\src\main\java\org\joda\time\convert\ReadablePeriodConverter.java, 0.17391304347826086
D:\SoftwareReengineering\joda-time\src\main\java\org\joda\time\convert\IntervalConverter.java, D:\SoftwareReengineering\joda-time\src\main\java\org\joda\time\format\DateTimeParser.java, 0.16666666666666666
D:\SoftwareReengineering\joda-time\src\main\java\org\joda\time\convert\IntervalConverter.java, D:\SoftwareReengineering\joda-time\src\main\java\org\joda\time\format\InternalParser.java, 0.16666666666666666
D:\SoftwareReengineering\joda-time\src\main\java\org\joda\time\convert\IntervalConverter.java, D:\SoftwareReengineering\joda-time\src\main\java\org\joda\time\format\InternalPrinter.java, 0.16666666666666666
D:\SoftwareReengineering\joda-time\src\main\java\org\joda\time\convert\IntervalConverter.java, D:\SoftwareReengineering\joda-time\src\main\java\org\joda\time\format\PeriodParser.java, 0.15384615384615385
D:\SoftwareReengineering\joda-time\src\main\java\org\joda\time\convert\IntervalConverter.java, D:\SoftwareReengineering\joda-time\src\main\java\org\joda\time\tz\NameProvider.java, 0.15384615384615385
D:\SoftwareReengineering\joda-time\src\main\java\org\joda\time\convert\LongConverter.java, D:\SoftwareReengineering\joda-time\src\main\java\org\joda\time\convert\NullConverter.java, 0.23333333333333334
D:\SoftwareReengineering\joda-time\src\main\java\org\joda\time\convert\LongConverter.java, D:\SoftwareReengineering\joda-time\src\main\java\org\joda\time\convert\PartialConverter.java, 0.17391304347826086
D:\SoftwareReengineering\joda-time\src\main\java\org\joda\time\convert\LongConverter.java, D:\SoftwareReengineering\joda-time\src\main\java\org\joda\time\convert\PeriodConverter.java, 0.21052631578947367
D:\SoftwareReengineering\joda-time\src\main\java\org\joda\time\convert\LongConverter.java, D:\SoftwareReengineering\joda-time\src\main\java\org\joda\time\convert\ReadableDurationConverter.java, 0.23333333333333334
D:\SoftwareReengineering\joda-time\src\main\java\org\joda\time\convert\LongConverter.java, D:\SoftwareReengineering\joda-time\src\main\java\org\joda\time\convert\ReadableInstantConverter.java, 0.2
D:\SoftwareReengineering\joda-time\src\main\java\org\joda\time\convert\LongConverter.java, D:\SoftwareReengineering\joda-time\src\main\java\org\joda\time\convert\ReadableIntervalConverter.java, 0.17073170731707318
D:\SoftwareReengineering\joda-time\src\main\java\org\joda\time\convert\LongConverter.java, D:\SoftwareReengineering\joda-time\src\main\java\org\joda\time\convert\ReadablePartialConverter.java, 0.16216216216216217
D:\SoftwareReengineering\joda-time\src\main\java\org\joda\time\convert\LongConverter.java, D:\SoftwareReengineering\joda-time\src\main\java\org\joda\time\convert\ReadablePeriodConverter.java, 0.2222222222222222
D:\SoftwareReengineering\joda-time\src\main\java\org\joda\time\convert\NullConverter.java, D:\SoftwareReengineering\joda-time\src\main\java\org\joda\time\convert\PeriodConverter.java, 0.18518518518518517
D:\SoftwareReengineering\joda-time\src\main\java\org\joda\time\convert\NullConverter.java, D:\SoftwareReengineering\joda-time\src\main\java\org\joda\time\convert\ReadableDurationConverter.java, 0.24324324324324326
D:\SoftwareReengineering\joda-time\src\main\java\org\joda\time\convert\NullConverter.java, D:\SoftwareReengineering\joda-time\src\main\java\org\joda\time\convert\ReadableInstantConverter.java, 0.1590909090909091
D:\SoftwareReengineering\joda-time\src\main\java\org\joda\time\convert\NullConverter.java, D:\SoftwareReengineering\joda-time\src\main\java\org\joda\time\convert\ReadableIntervalConverter.java, 0.26666666666666666
D:\SoftwareReengineering\joda-time\src\main\java\org\joda\time\convert\NullConverter.java, D:\SoftwareReengineering\joda-time\src\main\java\org\joda\time\convert\ReadablePartialConverter.java, 0.15555555555555556
D:\SoftwareReengineering\joda-time\src\main\java\org\joda\time\convert\NullConverter.java, D:\SoftwareReengineering\joda-time\src\main\java\org\joda\time\convert\ReadablePeriodConverter.java, 0.23529411764705882
D:\SoftwareReengineering\joda-time\src\main\java\org\joda\time\convert\PartialConverter.java, D:\SoftwareReengineering\joda-time\src\main\java\org\joda\time\convert\PeriodConverter.java, 0.2222222222222222
D:\SoftwareReengineering\joda-time\src\main\java\org\joda\time\convert\PartialConverter.java, D:\SoftwareReengineering\joda-time\src\main\java\org\joda\time\convert\ReadablePartialConverter.java, 0.16666666666666666
D:\SoftwareReengineering\joda-time\src\main\java\org\joda\time\convert\PartialConverter.java, D:\SoftwareReengineering\joda-time\src\main\java\org\joda\time\format\DateTimePrinter.java, 0.2
D:\SoftwareReengineering\joda-time\src\main\java\org\joda\time\convert\PartialConverter.java, D:\SoftwareReengineering\joda-time\src\main\java\org\joda\time\format\InternalPrinter.java, 0.23809523809523808
D:\SoftwareReengineering\joda-time\src\main\java\org\joda\time\convert\PartialConverter.java, D:\SoftwareReengineering\joda-time\src\main\java\org\joda\time\tz\Provider.java, 0.16666666666666666
D:\SoftwareReengineering\joda-time\src\main\java\org\joda\time\convert\PeriodConverter.java, D:\SoftwareReengineering\joda-time\src\main\java\org\joda\time\convert\ReadableDurationConverter.java, 0.18518518518518517
D:\SoftwareReengineering\joda-time\src\main\java\org\joda\time\convert\PeriodConverter.java, D:\SoftwareReengineering\joda-time\src\main\java\org\joda\time\convert\ReadablePeriodConverter.java, 0.2727272727272727
D:\SoftwareReengineering\joda-time\src\main\java\org\joda\time\convert\PeriodConverter.java, D:\SoftwareReengineering\joda-time\src\main\java\org\joda\time\format\DateTimeParser.java, 0.15384615384615385
D:\SoftwareReengineering\joda-time\src\main\java\org\joda\time\convert\PeriodConverter.java, D:\SoftwareReengineering\joda-time\src\main\java\org\joda\time\format\InternalParser.java, 0.15384615384615385
D:\SoftwareReengineering\joda-time\src\main\java\org\joda\time\convert\PeriodConverter.java, D:\SoftwareReengineering\joda-time\src\main\java\org\joda\time\format\InternalPrinter.java, 0.15789473684210525
D:\SoftwareReengineering\joda-time\src\main\java\org\joda\time\convert\PeriodConverter.java, D:\SoftwareReengineering\joda-time\src\main\java\org\joda\time\format\PeriodParser.java, 0.23076923076923078
D:\SoftwareReengineering\joda-time\src\main\java\org\joda\time\convert\ReadableDurationConverter.java, D:\SoftwareReengineering\joda-time\src\main\java\org\joda\time\convert\ReadableInstantConverter.java, 0.18604651162790697
D:\SoftwareReengineering\joda-time\src\main\java\org\joda\time\convert\ReadableDurationConverter.java, D:\SoftwareReengineering\joda-time\src\main\java\org\joda\time\convert\ReadableIntervalConverter.java, 0.26666666666666666
D:\SoftwareReengineering\joda-time\src\main\java\org\joda\time\convert\ReadableDurationConverter.java, D:\SoftwareReengineering\joda-time\src\main\java\org\joda\time\convert\ReadablePartialConverter.java, 0.18181818181818182
D:\SoftwareReengineering\joda-time\src\main\java\org\joda\time\convert\ReadableDurationConverter.java, D:\SoftwareReengineering\joda-time\src\main\java\org\joda\time\convert\ReadablePeriodConverter.java, 0.2
D:\SoftwareReengineering\joda-time\src\main\java\org\joda\time\convert\ReadableInstantConverter.java, D:\SoftwareReengineering\joda-time\src\main\java\org\joda\time\convert\ReadablePartialConverter.java, 0.29545454545454547
D:\SoftwareReengineering\joda-time\src\main\java\org\joda\time\convert\ReadableIntervalConverter.java, D:\SoftwareReengineering\joda-time\src\main\java\org\joda\time\convert\ReadablePeriodConverter.java, 0.15217391304347827
D:\SoftwareReengineering\joda-time\src\main\java\org\joda\time\DateMidnight.java, D:\SoftwareReengineering\joda-time\src\main\java\org\joda\time\DateTime.java, 0.33095238095238094
D:\SoftwareReengineering\joda-time\src\main\java\org\joda\time\DateMidnight.java, D:\SoftwareReengineering\joda-time\src\main\java\org\joda\time\MutableDateTime.java, 0.17167381974248927
D:\SoftwareReengineering\joda-time\src\main\java\org\joda\time\DateTime.java, D:\SoftwareReengineering\joda-time\src\main\java\org\joda\time\LocalDateTime.java, 0.16143497757847533
D:\SoftwareReengineering\joda-time\src\main\java\org\joda\time\DateTime.java, D:\SoftwareReengineering\joda-time\src\main\java\org\joda\time\MutableDateTime.java, 0.2033271719038817
D:\SoftwareReengineering\joda-time\src\main\java\org\joda\time\Days.java, D:\SoftwareReengineering\joda-time\src\main\java\org\joda\time\Hours.java, 0.29120879120879123
D:\SoftwareReengineering\joda-time\src\main\java\org\joda\time\Days.java, D:\SoftwareReengineering\joda-time\src\main\java\org\joda\time\Minutes.java, 0.2571428571428571
D:\SoftwareReengineering\joda-time\src\main\java\org\joda\time\Days.java, D:\SoftwareReengineering\joda-time\src\main\java\org\joda\time\Months.java, 0.2786885245901639
D:\SoftwareReengineering\joda-time\src\main\java\org\joda\time\Days.java, D:\SoftwareReengineering\joda-time\src\main\java\org\joda\time\Seconds.java, 0.2571428571428571
D:\SoftwareReengineering\joda-time\src\main\java\org\joda\time\Days.java, D:\SoftwareReengineering\joda-time\src\main\java\org\joda\time\Weeks.java, 0.27167630057803466
D:\SoftwareReengineering\joda-time\src\main\java\org\joda\time\Days.java, D:\SoftwareReengineering\joda-time\src\main\java\org\joda\time\Years.java, 0.2621951219512195
D:\SoftwareReengineering\joda-time\src\main\java\org\joda\time\field\AbstractPartialFieldProperty.java, D:\SoftwareReengineering\joda-time\src\main\java\org\joda\time\field\AbstractReadableInstantFieldProperty.java, 0.49586776859504134
D:\SoftwareReengineering\joda-time\src\main\java\org\joda\time\field\BaseDateTimeField.java, D:\SoftwareReengineering\joda-time\src\main\java\org\joda\time\field\DelegatedDateTimeField.java, 0.17857142857142858
D:\SoftwareReengineering\joda-time\src\main\java\org\joda\time\field\BaseDateTimeField.java, D:\SoftwareReengineering\joda-time\src\main\java\org\joda\time\field\UnsupportedDateTimeField.java, 0.2350230414746544
D:\SoftwareReengineering\joda-time\src\main\java\org\joda\time\field\BaseDurationField.java, D:\SoftwareReengineering\joda-time\src\main\java\org\joda\time\field\DelegatedDurationField.java, 0.19318181818181818
D:\SoftwareReengineering\joda-time\src\main\java\org\joda\time\field\BaseDurationField.java, D:\SoftwareReengineering\joda-time\src\main\java\org\joda\time\field\MillisDurationField.java, 0.32
D:\SoftwareReengineering\joda-time\src\main\java\org\joda\time\field\BaseDurationField.java, D:\SoftwareReengineering\joda-time\src\main\java\org\joda\time\field\UnsupportedDurationField.java, 0.24705882352941178
D:\SoftwareReengineering\joda-time\src\main\java\org\joda\time\field\DecoratedDateTimeField.java, D:\SoftwareReengineering\joda-time\src\main\java\org\joda\time\field\DecoratedDurationField.java, 0.2
D:\SoftwareReengineering\joda-time\src\main\java\org\joda\time\field\DecoratedDateTimeField.java, D:\SoftwareReengineering\joda-time\src\main\java\org\joda\time\field\DelegatedDateTimeField.java, 0.21052631578947367
D:\SoftwareReengineering\joda-time\src\main\java\org\joda\time\field\DecoratedDateTimeField.java, D:\SoftwareReengineering\joda-time\src\main\java\org\joda\time\field\PreciseDateTimeField.java, 0.15625
D:\SoftwareReengineering\joda-time\src\main\java\org\joda\time\field\DecoratedDateTimeField.java, D:\SoftwareReengineering\joda-time\src\main\java\org\joda\time\field\PreciseDurationDateTimeField.java, 0.17647058823529413
D:\SoftwareReengineering\joda-time\src\main\java\org\joda\time\field\DecoratedDurationField.java, D:\SoftwareReengineering\joda-time\src\main\java\org\joda\time\field\DelegatedDurationField.java, 0.36764705882352944
D:\SoftwareReengineering\joda-time\src\main\java\org\joda\time\field\DecoratedDurationField.java, D:\SoftwareReengineering\joda-time\src\main\java\org\joda\time\field\ImpreciseDateTimeField.java, 0.18666666666666668
D:\SoftwareReengineering\joda-time\src\main\java\org\joda\time\field\DecoratedDurationField.java, D:\SoftwareReengineering\joda-time\src\main\java\org\joda\time\field\PreciseDurationField.java, 0.1864406779661017
D:\SoftwareReengineering\joda-time\src\main\java\org\joda\time\field\DecoratedDurationField.java, D:\SoftwareReengineering\joda-time\src\main\java\org\joda\time\field\ScaledDurationField.java, 0.16216216216216217
D:\SoftwareReengineering\joda-time\src\main\java\org\joda\time\field\DecoratedDurationField.java, D:\SoftwareReengineering\joda-time\src\main\java\org\joda\time\field\UnsupportedDurationField.java, 0.175
D:\SoftwareReengineering\joda-time\src\main\java\org\joda\time\field\DelegatedDateTimeField.java, D:\SoftwareReengineering\joda-time\src\main\java\org\joda\time\field\DelegatedDurationField.java, 0.15337423312883436
D:\SoftwareReengineering\joda-time\src\main\java\org\joda\time\field\DelegatedDateTimeField.java, D:\SoftwareReengineering\joda-time\src\main\java\org\joda\time\field\UnsupportedDateTimeField.java, 0.39375
D:\SoftwareReengineering\joda-time\src\main\java\org\joda\time\field\DelegatedDateTimeField.java, D:\SoftwareReengineering\joda-time\src\main\java\org\joda\time\field\ZeroIsMaxDateTimeField.java, 0.2
D:\SoftwareReengineering\joda-time\src\main\java\org\joda\time\field\DelegatedDurationField.java, D:\SoftwareReengineering\joda-time\src\main\java\org\joda\time\field\ImpreciseDateTimeField.java, 0.15384615384615385
D:\SoftwareReengineering\joda-time\src\main\java\org\joda\time\field\DelegatedDurationField.java, D:\SoftwareReengineering\joda-time\src\main\java\org\joda\time\field\MillisDurationField.java, 0.2826086956521739
D:\SoftwareReengineering\joda-time\src\main\java\org\joda\time\field\DelegatedDurationField.java, D:\SoftwareReengineering\joda-time\src\main\java\org\joda\time\field\ScaledDurationField.java, 0.21875
D:\SoftwareReengineering\joda-time\src\main\java\org\joda\time\field\DelegatedDurationField.java, D:\SoftwareReengineering\joda-time\src\main\java\org\joda\time\field\UnsupportedDurationField.java, 0.32978723404255317
D:\SoftwareReengineering\joda-time\src\main\java\org\joda\time\field\DividedDateTimeField.java, D:\SoftwareReengineering\joda-time\src\main\java\org\joda\time\field\OffsetDateTimeField.java, 0.19834710743801653
D:\SoftwareReengineering\joda-time\src\main\java\org\joda\time\field\DividedDateTimeField.java, D:\SoftwareReengineering\joda-time\src\main\java\org\joda\time\field\RemainderDateTimeField.java, 0.2857142857142857
D:\SoftwareReengineering\joda-time\src\main\java\org\joda\time\field\ImpreciseDateTimeField.java, D:\SoftwareReengineering\joda-time\src\main\java\org\joda\time\field\PreciseDurationField.java, 0.1686746987951807
D:\SoftwareReengineering\joda-time\src\main\java\org\joda\time\field\ImpreciseDateTimeField.java, D:\SoftwareReengineering\joda-time\src\main\java\org\joda\time\field\ScaledDurationField.java, 0.15306122448979592
D:\SoftwareReengineering\joda-time\src\main\java\org\joda\time\field\ImpreciseDateTimeField.java, D:\SoftwareReengineering\joda-time\src\main\java\org\joda\time\field\UnsupportedDurationField.java, 0.1523809523809524
D:\SoftwareReengineering\joda-time\src\main\java\org\joda\time\field\LenientDateTimeField.java, D:\SoftwareReengineering\joda-time\src\main\java\org\joda\time\field\StrictDateTimeField.java, 0.2631578947368421
D:\SoftwareReengineering\joda-time\src\main\java\org\joda\time\field\MillisDurationField.java, D:\SoftwareReengineering\joda-time\src\main\java\org\joda\time\field\PreciseDurationField.java, 0.20253164556962025
D:\SoftwareReengineering\joda-time\src\main\java\org\joda\time\field\MillisDurationField.java, D:\SoftwareReengineering\joda-time\src\main\java\org\joda\time\field\ScaledDurationField.java, 0.23333333333333334
D:\SoftwareReengineering\joda-time\src\main\java\org\joda\time\field\MillisDurationField.java, D:\SoftwareReengineering\joda-time\src\main\java\org\joda\time\field\UnsupportedDurationField.java, 0.3076923076923077
D:\SoftwareReengineering\joda-time\src\main\java\org\joda\time\field\OffsetDateTimeField.java, D:\SoftwareReengineering\joda-time\src\main\java\org\joda\time\field\RemainderDateTimeField.java, 0.23214285714285715
D:\SoftwareReengineering\joda-time\src\main\java\org\joda\time\field\OffsetDateTimeField.java, D:\SoftwareReengineering\joda-time\src\main\java\org\joda\time\field\ZeroIsMaxDateTimeField.java, 0.297029702970297
D:\SoftwareReengineering\joda-time\src\main\java\org\joda\time\field\PreciseDurationField.java, D:\SoftwareReengineering\joda-time\src\main\java\org\joda\time\field\ScaledDurationField.java, 0.22077922077922077
D:\SoftwareReengineering\joda-time\src\main\java\org\joda\time\field\PreciseDurationField.java, D:\SoftwareReengineering\joda-time\src\main\java\org\joda\time\field\UnsupportedDurationField.java, 0.1724137931034483
D:\SoftwareReengineering\joda-time\src\main\java\org\joda\time\field\RemainderDateTimeField.java, D:\SoftwareReengineering\joda-time\src\main\java\org\joda\time\field\ZeroIsMaxDateTimeField.java, 0.21929824561403508
D:\SoftwareReengineering\joda-time\src\main\java\org\joda\time\field\ScaledDurationField.java, D:\SoftwareReengineering\joda-time\src\main\java\org\joda\time\field\UnsupportedDurationField.java, 0.24210526315789474
D:\SoftwareReengineering\joda-time\src\main\java\org\joda\time\field\SkipDateTimeField.java, D:\SoftwareReengineering\joda-time\src\main\java\org\joda\time\field\SkipUndoDateTimeField.java, 0.5918367346938775
D:\SoftwareReengineering\joda-time\src\main\java\org\joda\time\field\UnsupportedDateTimeField.java, D:\SoftwareReengineering\joda-time\src\main\java\org\joda\time\field\UnsupportedDurationField.java, 0.21212121212121213
D:\SoftwareReengineering\joda-time\src\main\java\org\joda\time\field\UnsupportedDateTimeField.java, D:\SoftwareReengineering\joda-time\src\main\java\org\joda\time\field\ZeroIsMaxDateTimeField.java, 0.24427480916030533
D:\SoftwareReengineering\joda-time\src\main\java\org\joda\time\format\DateTimeParser.java, D:\SoftwareReengineering\joda-time\src\main\java\org\joda\time\format\DateTimePrinter.java, 0.15
D:\SoftwareReengineering\joda-time\src\main\java\org\joda\time\format\DateTimeParser.java, D:\SoftwareReengineering\joda-time\src\main\java\org\joda\time\format\InternalParser.java, 0.5
D:\SoftwareReengineering\joda-time\src\main\java\org\joda\time\format\DateTimeParser.java, D:\SoftwareReengineering\joda-time\src\main\java\org\joda\time\format\InternalPrinter.java, 0.1875
D:\SoftwareReengineering\joda-time\src\main\java\org\joda\time\format\DateTimeParser.java, D:\SoftwareReengineering\joda-time\src\main\java\org\joda\time\format\PeriodParser.java, 0.3
D:\SoftwareReengineering\joda-time\src\main\java\org\joda\time\format\DateTimeParser.java, D:\SoftwareReengineering\joda-time\src\main\java\org\joda\time\format\PeriodPrinter.java, 0.2
D:\SoftwareReengineering\joda-time\src\main\java\org\joda\time\format\DateTimeParser.java, D:\SoftwareReengineering\joda-time\src\main\java\org\joda\time\JodaTimePermission.java, 0.16666666666666666
D:\SoftwareReengineering\joda-time\src\main\java\org\joda\time\format\DateTimeParser.java, D:\SoftwareReengineering\joda-time\src\main\java\org\joda\time\tz\NameProvider.java, 0.18181818181818182
D:\SoftwareReengineering\joda-time\src\main\java\org\joda\time\format\DateTimeParser.java, D:\SoftwareReengineering\joda-time\src\main\java\org\joda\time\tz\Provider.java, 0.16666666666666666
D:\SoftwareReengineering\joda-time\src\main\java\org\joda\time\format\DateTimeParserInternalParser.java, D:\SoftwareReengineering\joda-time\src\main\java\org\joda\time\format\InternalParserDateTimeParser.java, 0.23684210526315788
D:\SoftwareReengineering\joda-time\src\main\java\org\joda\time\format\DateTimePrinter.java, D:\SoftwareReengineering\joda-time\src\main\java\org\joda\time\format\DateTimePrinterInternalPrinter.java, 0.2
D:\SoftwareReengineering\joda-time\src\main\java\org\joda\time\format\DateTimePrinter.java, D:\SoftwareReengineering\joda-time\src\main\java\org\joda\time\format\InternalParser.java, 0.15
D:\SoftwareReengineering\joda-time\src\main\java\org\joda\time\format\DateTimePrinter.java, D:\SoftwareReengineering\joda-time\src\main\java\org\joda\time\format\InternalPrinter.java, 0.5
D:\SoftwareReengineering\joda-time\src\main\java\org\joda\time\format\DateTimePrinter.java, D:\SoftwareReengineering\joda-time\src\main\java\org\joda\time\format\InternalPrinterDateTimePrinter.java, 0.16071428571428573
D:\SoftwareReengineering\joda-time\src\main\java\org\joda\time\format\DateTimePrinter.java, D:\SoftwareReengineering\joda-time\src\main\java\org\joda\time\format\PeriodParser.java, 0.2
D:\SoftwareReengineering\joda-time\src\main\java\org\joda\time\format\DateTimePrinter.java, D:\SoftwareReengineering\joda-time\src\main\java\org\joda\time\format\PeriodPrinter.java, 0.2608695652173913
D:\SoftwareReengineering\joda-time\src\main\java\org\joda\time\format\DateTimePrinterInternalPrinter.java, D:\SoftwareReengineering\joda-time\src\main\java\org\joda\time\format\InternalPrinter.java, 0.19047619047619047
D:\SoftwareReengineering\joda-time\src\main\java\org\joda\time\format\DateTimePrinterInternalPrinter.java, D:\SoftwareReengineering\joda-time\src\main\java\org\joda\time\format\InternalPrinterDateTimePrinter.java, 0.328125
D:\SoftwareReengineering\joda-time\src\main\java\org\joda\time\format\InternalParser.java, D:\SoftwareReengineering\joda-time\src\main\java\org\joda\time\format\InternalPrinter.java, 0.1875
D:\SoftwareReengineering\joda-time\src\main\java\org\joda\time\format\InternalParser.java, D:\SoftwareReengineering\joda-time\src\main\java\org\joda\time\format\PeriodParser.java, 0.3
D:\SoftwareReengineering\joda-time\src\main\java\org\joda\time\format\InternalParser.java, D:\SoftwareReengineering\joda-time\src\main\java\org\joda\time\format\PeriodPrinter.java, 0.2
D:\SoftwareReengineering\joda-time\src\main\java\org\joda\time\format\InternalParser.java, D:\SoftwareReengineering\joda-time\src\main\java\org\joda\time\JodaTimePermission.java, 0.16666666666666666
D:\SoftwareReengineering\joda-time\src\main\java\org\joda\time\format\InternalParser.java, D:\SoftwareReengineering\joda-time\src\main\java\org\joda\time\tz\NameProvider.java, 0.18181818181818182
D:\SoftwareReengineering\joda-time\src\main\java\org\joda\time\format\InternalParser.java, D:\SoftwareReengineering\joda-time\src\main\java\org\joda\time\tz\Provider.java, 0.16666666666666666
D:\SoftwareReengineering\joda-time\src\main\java\org\joda\time\format\InternalParserDateTimeParser.java, D:\SoftwareReengineering\joda-time\src\main\java\org\joda\time\format\InternalPrinterDateTimePrinter.java, 0.1875
D:\SoftwareReengineering\joda-time\src\main\java\org\joda\time\format\InternalPrinter.java, D:\SoftwareReengineering\joda-time\src\main\java\org\joda\time\format\InternalPrinterDateTimePrinter.java, 0.1509433962264151
D:\SoftwareReengineering\joda-time\src\main\java\org\joda\time\format\InternalPrinter.java, D:\SoftwareReengineering\joda-time\src\main\java\org\joda\time\format\PeriodParser.java, 0.25
D:\SoftwareReengineering\joda-time\src\main\java\org\joda\time\format\InternalPrinter.java, D:\SoftwareReengineering\joda-time\src\main\java\org\joda\time\format\PeriodPrinter.java, 0.25
D:\SoftwareReengineering\joda-time\src\main\java\org\joda\time\format\InternalPrinter.java, D:\SoftwareReengineering\joda-time\src\main\java\org\joda\time\tz\NameProvider.java, 0.17647058823529413
D:\SoftwareReengineering\joda-time\src\main\java\org\joda\time\format\InternalPrinter.java, D:\SoftwareReengineering\joda-time\src\main\java\org\joda\time\tz\Provider.java, 0.16666666666666666
D:\SoftwareReengineering\joda-time\src\main\java\org\joda\time\format\PeriodParser.java, D:\SoftwareReengineering\joda-time\src\main\java\org\joda\time\format\PeriodPrinter.java, 0.26666666666666666
D:\SoftwareReengineering\joda-time\src\main\java\org\joda\time\format\PeriodParser.java, D:\SoftwareReengineering\joda-time\src\main\java\org\joda\time\JodaTimePermission.java, 0.15384615384615385
D:\SoftwareReengineering\joda-time\src\main\java\org\joda\time\format\PeriodParser.java, D:\SoftwareReengineering\joda-time\src\main\java\org\joda\time\tz\NameProvider.java, 0.2727272727272727
D:\SoftwareReengineering\joda-time\src\main\java\org\joda\time\format\PeriodParser.java, D:\SoftwareReengineering\joda-time\src\main\java\org\joda\time\tz\Provider.java, 0.15384615384615385
D:\SoftwareReengineering\joda-time\src\main\java\org\joda\time\format\PeriodPrinter.java, D:\SoftwareReengineering\joda-time\src\main\java\org\joda\time\tz\NameProvider.java, 0.1875
D:\SoftwareReengineering\joda-time\src\main\java\org\joda\time\Hours.java, D:\SoftwareReengineering\joda-time\src\main\java\org\joda\time\Minutes.java, 0.26704545454545453
D:\SoftwareReengineering\joda-time\src\main\java\org\joda\time\Hours.java, D:\SoftwareReengineering\joda-time\src\main\java\org\joda\time\Months.java, 0.27419354838709675
D:\SoftwareReengineering\joda-time\src\main\java\org\joda\time\Hours.java, D:\SoftwareReengineering\joda-time\src\main\java\org\joda\time\Seconds.java, 0.26704545454545453
D:\SoftwareReengineering\joda-time\src\main\java\org\joda\time\Hours.java, D:\SoftwareReengineering\joda-time\src\main\java\org\joda\time\Weeks.java, 0.25280898876404495
D:\SoftwareReengineering\joda-time\src\main\java\org\joda\time\Hours.java, D:\SoftwareReengineering\joda-time\src\main\java\org\joda\time\Years.java, 0.24260355029585798
D:\SoftwareReengineering\joda-time\src\main\java\org\joda\time\JodaTimePermission.java, D:\SoftwareReengineering\joda-time\src\main\java\org\joda\time\ReadableDuration.java, 0.16666666666666666
D:\SoftwareReengineering\joda-time\src\main\java\org\joda\time\JodaTimePermission.java, D:\SoftwareReengineering\joda-time\src\main\java\org\joda\time\ReadablePartial.java, 0.15
D:\SoftwareReengineering\joda-time\src\main\java\org\joda\time\JodaTimePermission.java, D:\SoftwareReengineering\joda-time\src\main\java\org\joda\time\ReadablePeriod.java, 0.15
D:\SoftwareReengineering\joda-time\src\main\java\org\joda\time\JodaTimePermission.java, D:\SoftwareReengineering\joda-time\src\main\java\org\joda\time\tz\NameProvider.java, 0.15384615384615385
D:\SoftwareReengineering\joda-time\src\main\java\org\joda\time\LocalDate.java, D:\SoftwareReengineering\joda-time\src\main\java\org\joda\time\LocalDateTime.java, 0.38087520259319285
D:\SoftwareReengineering\joda-time\src\main\java\org\joda\time\LocalDate.java, D:\SoftwareReengineering\joda-time\src\main\java\org\joda\time\LocalTime.java, 0.2534722222222222
D:\SoftwareReengineering\joda-time\src\main\java\org\joda\time\LocalDateTime.java, D:\SoftwareReengineering\joda-time\src\main\java\org\joda\time\LocalTime.java, 0.32867132867132864
D:\SoftwareReengineering\joda-time\src\main\java\org\joda\time\Minutes.java, D:\SoftwareReengineering\joda-time\src\main\java\org\joda\time\Months.java, 0.2265193370165746
D:\SoftwareReengineering\joda-time\src\main\java\org\joda\time\Minutes.java, D:\SoftwareReengineering\joda-time\src\main\java\org\joda\time\Seconds.java, 0.2919254658385093
D:\SoftwareReengineering\joda-time\src\main\java\org\joda\time\Minutes.java, D:\SoftwareReengineering\joda-time\src\main\java\org\joda\time\Weeks.java, 0.27607361963190186
D:\SoftwareReengineering\joda-time\src\main\java\org\joda\time\Minutes.java, D:\SoftwareReengineering\joda-time\src\main\java\org\joda\time\Years.java, 0.2662337662337662
D:\SoftwareReengineering\joda-time\src\main\java\org\joda\time\MonthDay.java, D:\SoftwareReengineering\joda-time\src\main\java\org\joda\time\TimeOfDay.java, 0.18584070796460178
D:\SoftwareReengineering\joda-time\src\main\java\org\joda\time\MonthDay.java, D:\SoftwareReengineering\joda-time\src\main\java\org\joda\time\YearMonth.java, 0.4075471698113208
D:\SoftwareReengineering\joda-time\src\main\java\org\joda\time\MonthDay.java, D:\SoftwareReengineering\joda-time\src\main\java\org\joda\time\YearMonthDay.java, 0.28052805280528054
D:\SoftwareReengineering\joda-time\src\main\java\org\joda\time\Months.java, D:\SoftwareReengineering\joda-time\src\main\java\org\joda\time\Seconds.java, 0.2265193370165746
D:\SoftwareReengineering\joda-time\src\main\java\org\joda\time\Months.java, D:\SoftwareReengineering\joda-time\src\main\java\org\joda\time\Weeks.java, 0.24022346368715083
D:\SoftwareReengineering\joda-time\src\main\java\org\joda\time\Months.java, D:\SoftwareReengineering\joda-time\src\main\java\org\joda\time\Years.java, 0.25903614457831325
D:\SoftwareReengineering\joda-time\src\main\java\org\joda\time\ReadableDuration.java, D:\SoftwareReengineering\joda-time\src\main\java\org\joda\time\ReadableInstant.java, 0.2608695652173913
D:\SoftwareReengineering\joda-time\src\main\java\org\joda\time\ReadableDuration.java, D:\SoftwareReengineering\joda-time\src\main\java\org\joda\time\ReadableInterval.java, 0.22580645161290322
D:\SoftwareReengineering\joda-time\src\main\java\org\joda\time\ReadableDuration.java, D:\SoftwareReengineering\joda-time\src\main\java\org\joda\time\ReadablePartial.java, 0.21739130434782608
D:\SoftwareReengineering\joda-time\src\main\java\org\joda\time\ReadableDuration.java, D:\SoftwareReengineering\joda-time\src\main\java\org\joda\time\ReadablePeriod.java, 0.2727272727272727
D:\SoftwareReengineering\joda-time\src\main\java\org\joda\time\ReadableInstant.java, D:\SoftwareReengineering\joda-time\src\main\java\org\joda\time\ReadableInterval.java, 0.24242424242424243
D:\SoftwareReengineering\joda-time\src\main\java\org\joda\time\ReadableInstant.java, D:\SoftwareReengineering\joda-time\src\main\java\org\joda\time\ReadablePartial.java, 0.2916666666666667
D:\SoftwareReengineering\joda-time\src\main\java\org\joda\time\ReadableInstant.java, D:\SoftwareReengineering\joda-time\src\main\java\org\joda\time\ReadablePeriod.java, 0.19230769230769232
D:\SoftwareReengineering\joda-time\src\main\java\org\joda\time\ReadableInterval.java, D:\SoftwareReengineering\joda-time\src\main\java\org\joda\time\ReadablePartial.java, 0.17647058823529413
D:\SoftwareReengineering\joda-time\src\main\java\org\joda\time\ReadableInterval.java, D:\SoftwareReengineering\joda-time\src\main\java\org\joda\time\ReadablePeriod.java, 0.17647058823529413
D:\SoftwareReengineering\joda-time\src\main\java\org\joda\time\ReadablePartial.java, D:\SoftwareReengineering\joda-time\src\main\java\org\joda\time\ReadablePeriod.java, 0.30434782608695654
D:\SoftwareReengineering\joda-time\src\main\java\org\joda\time\ReadWritableDateTime.java, D:\SoftwareReengineering\joda-time\src\main\java\org\joda\time\ReadWritablePeriod.java, 0.21153846153846154
D:\SoftwareReengineering\joda-time\src\main\java\org\joda\time\Seconds.java, D:\SoftwareReengineering\joda-time\src\main\java\org\joda\time\Weeks.java, 0.27607361963190186
D:\SoftwareReengineering\joda-time\src\main\java\org\joda\time\Seconds.java, D:\SoftwareReengineering\joda-time\src\main\java\org\joda\time\Years.java, 0.2662337662337662
D:\SoftwareReengineering\joda-time\src\main\java\org\joda\time\TimeOfDay.java, D:\SoftwareReengineering\joda-time\src\main\java\org\joda\time\YearMonth.java, 0.18991097922848665
D:\SoftwareReengineering\joda-time\src\main\java\org\joda\time\TimeOfDay.java, D:\SoftwareReengineering\joda-time\src\main\java\org\joda\time\YearMonthDay.java, 0.20930232558139536
D:\SoftwareReengineering\joda-time\src\main\java\org\joda\time\tz\FixedDateTimeZone.java, D:\SoftwareReengineering\joda-time\src\main\java\org\joda\time\UTCDateTimeZone.java, 0.2777777777777778
D:\SoftwareReengineering\joda-time\src\main\java\org\joda\time\tz\NameProvider.java, D:\SoftwareReengineering\joda-time\src\main\java\org\joda\time\tz\Provider.java, 0.25
D:\SoftwareReengineering\joda-time\src\main\java\org\joda\time\tz\NameProvider.java, D:\SoftwareReengineering\joda-time\src\main\java\org\joda\time\tz\UTCProvider.java, 0.15
D:\SoftwareReengineering\joda-time\src\main\java\org\joda\time\tz\NameProvider.java, D:\SoftwareReengineering\joda-time\src\main\java\org\joda\time\tz\ZoneInfoLogger.java, 0.1875
D:\SoftwareReengineering\joda-time\src\main\java\org\joda\time\tz\Provider.java, D:\SoftwareReengineering\joda-time\src\main\java\org\joda\time\tz\UTCProvider.java, 0.2631578947368421
D:\SoftwareReengineering\joda-time\src\main\java\org\joda\time\tz\Provider.java, D:\SoftwareReengineering\joda-time\src\main\java\org\joda\time\tz\ZoneInfoLogger.java, 0.17647058823529413
D:\SoftwareReengineering\joda-time\src\main\java\org\joda\time\Weeks.java, D:\SoftwareReengineering\joda-time\src\main\java\org\joda\time\Years.java, 0.28289473684210525
D:\SoftwareReengineering\joda-time\src\main\java\org\joda\time\YearMonth.java, D:\SoftwareReengineering\joda-time\src\main\java\org\joda\time\YearMonthDay.java, 0.32081911262798635
